Size,Time,Comparisons,Swaps
1,2.7894973754882812e-05,0,0
2,2.1457672119140625e-05,0,0
3,2.002716064453125e-05,1,0
4,2.5033950805664062e-05,1,0
5,1.5497207641601562e-05,0,0
10,1.6927719116210938e-05,3,0
250,0.0004093647003173828,1744,1530
999,0.011823177337646484,26041,25099
9999,0.6863319873809814,2458810,2448853
